Consultas principales,Clics,Impresiones,CTR,Posición
costa brava rent a boat,11,89,12.36%,5.24
costa brava rent a boat blanes,6,58,10.34%,7.24
costa brava rent boat,3,122,2.46%,4.57
alquiler barco costa brava,2,782,0.26%,13.88
alquiler barco blanes,2,323,0.62%,9.56
boat rental blanes,2,26,7.69%,10.35
alquiler barco sin licencia costa brava,1,199,0.5%,18.29
alquiler de barco en costa brava,1,151,0.66%,5.83
boat rental costa brava,1,67,1.49%,16.99
costa brava boat rental,1,43,2.33%,14.51
barcos sin licencia,1,32,3.12%,20.56
blanes boat,1,27,3.7%,11.56
barcos sin licencia costa brava,1,14,7.14%,7.21
barcelona blanes boat club,1,12,8.33%,10
feu d'artifice costa brava 2025,1,3,33.33%,27.33
alquiler barco pesca,1,1,100%,1
bateau blanes,1,1,100%,1
alquiler barco sin licencia,0,459,0%,23.4
alquiler barcos costa brava,0,358,0%,13.12
alquilar barco costa brava,0,267,0%,12.74
alquiler boyas costa brava,0,257,0%,49.03
astec 400,0,213,0%,7.79
rent boat costa brava,0,195,0%,9.72
alquiler barco lloret de mar,0,189,0%,8.79
rent a boat,0,176,0%,41.56
alquiler barcos blanes,0,166,0%,8.91
alquiler barco sin licencia lloret de mar,0,151,0%,5.93
alquiler de barcos en blanes,0,147,0%,11.03
location bateau blanes,0,145,0%,14.67
alquilar barco blanes,0,143,0%,9.08
remus 450,0,139,0%,39.11
alquiler de barcos costa brava,0,125,0%,14.02
alquiler lancha costa brava,0,124,0%,11.62
fuegos artificiales blanes,0,121,0%,3.04
location bateau costa brava,0,117,0%,61.3
alquiler barco sin licencia platja d'aro,0,114,0%,19.82
alquiler barco tossa de mar,0,105,0%,15.81
alquiler barca blanes,0,104,0%,8.36
location bateau journée blanes,0,103,0%,13.55
alquiler barco blanes sin licencia,0,97,0%,5.48
lloguer vaixell costa brava,0,97,0%,22.53
alquiler embarcaciones costa brava,0,96,0%,5.06
alquiler barco en costa brava,0,90,0%,7.46
lloguer barca sense titol,0,87,0%,13.28
location bateau sans permis blanes,0,87,0%,19.53
lloguer menorquina costa brava,0,85,0%,44.33
blanes 2025,0,81,0%,11.96
excursiones en grupo por la costa brava con patrón,0,79,0%,10.71
alquiler de barcos sin carnet,0,79,0%,31.94
barco alquiler costa brava,0,77,0%,6.86
barcos costa brava,0,77,0%,13.6
boot huren blanes,0,77,0%,15.36
location bateau lloret de mar,0,71,0%,45.01
alquiler barcos sin licencia,0,66,0%,33.7
alquilar barco,0,63,0%,36.71
location place bateau blanes,0,63,0%,52.52
barcos sin carnet,0,63,0%,62.54
alquilar barco en costa brava,0,62,0%,7.55
rent a boat costa brava,0,61,0%,10.15
tour en moto de agua por lloret blanes y tossa,0,59,0%,47.1
costa brava boat,0,57,0%,9.81
location catamaran blanes,0,57,0%,27.49
motos de agua costa brava,0,57,0%,38.3
alquiler barco costa brava con patron,0,56,0%,13.71
alquiler barca costa brava,0,56,0%,14.36
alquiler velero costa brava,0,56,0%,44.43
alquiler menorquina costa brava,0,56,0%,52.43
barco sin licencia costa brava,0,52,0%,6.83
rent a boat blanes,0,52,0%,7.9
rent boats costa brava,0,51,0%,8.2
alquiler de barco costa brava,0,50,0%,11.5
lloguer barco costa brava,0,47,0%,24.91
alquiler barcos tossa de mar,0,46,0%,17.85
lloguer barcos port de la selva,0,44,0%,75.45
alquiler barco con patron costa brava,0,41,0%,16.83
alquiler barco sin carnet,0,41,0%,17.88
pacific craft 625 open,0,40,0%,48.38
alquiler barcas cadaques,0,39,0%,75.64
astec 450,0,38,0%,6.82
alquiler barcos lloret de mar,0,38,0%,8.89
alquiler motos de agua costa brava,0,38,0%,35.21
barcos alquiler costa brava,0,37,0%,14.14
alquiler motos de agua blanes,0,37,0%,29.7
lloguer embarcaciones port de la selva,0,36,0%,71.11
lloguer embarcacions costa brava,0,35,0%,17.71
alquiler barca,0,34,0%,48.06
alquiler moto de agua blanes,0,33,0%,13.39
alquiler catamaran costa brava,0,33,0%,42.48
fuegos artificiales de blanes,0,32,0%,1.09
alquiler barco playa de aro,0,30,0%,24.57
alquiler de barcos en costa brava,0,29,0%,16.1
alquiler barcas costa brava,0,29,0%,17.52
alquilar barco sin licencia barcelona,0,28,0%,44.96
alquiler de barco sin licencia,0,28,0%,45.79
lloguer barcos costa brava,0,27,0%,19
alquiler yate costa brava,0,27,0%,26.11
excursión exclusiva en barca con patrón,0,26,0%,75.19
boat hire costa brava,0,25,0%,38.48
boot mieten lloret de mar,0,23,0%,15.65
boot huren lloret de mar,0,23,0%,24.04
alquiler de barcos sin licencia,0,23,0%,40.39
alquiler lancha blanes,0,22,0%,7.09
blanes boats,0,22,0%,24.68
motos de agua blanes,0,21,0%,14.71
alquiler barco con licencia,0,21,0%,20.05
boot huren lloret de mar zonder vaarbewijs,0,21,0%,23.24
alquiler barco girona,0,21,0%,26.57
boot huren costa brava,0,21,0%,28.57
alquiler barcos sin licencia costa brava,0,20,0%,13.1
costa brava boats,0,19,0%,12.95
alquiler de barcos sin patron,0,19,0%,75.74
costa brava rent jet ski,0,18,0%,23
alquiler barco platja d'aro,0,18,0%,30.72
boat hire lloret de mar,0,17,0%,33
alquiler moto de agua costa brava,0,17,0%,37.12
alquiler barcos sin patron,0,17,0%,80.53
lloguer barca costa brava,0,16,0%,19.06
moto de agua blanes,0,16,0%,21.19
alquiler barco sin carnet sitges,0,16,0%,59.44
boat hire with licence costa del sol,0,16,0%,60.38
alquiler barco calella de palafrugell,0,16,0%,64.38
lloguer barques costa brava,0,15,0%,15.2
barco costa brava,0,15,0%,18.8
focs artificials blanes,0,15,0%,22.87
jet ski costa brava,0,15,0%,54.8
alquiler barco sin licencia almeria,0,15,0%,68
velero costa brava,0,15,0%,70.8
alquiler barco marbella sin licencia,0,15,0%,84.6
alquiler barco costa brava por horas,0,14,0%,18.21
alquiler barcos platja d'aro,0,14,0%,37.29
feux d' artifice blanes 2026 dates,0,13,0%,9.08
alquiler de barco sin carnet,0,13,0%,12.38
location bateaux costa brava,0,13,0%,18.08
fuegos de blanes,0,13,0%,24
location place bateau costa brava,0,13,0%,29.69
alquiler barco platja d aro,0,13,0%,29.77
focs de blanes 2025,0,12,0%,8.17
brava boats,0,12,0%,18.58
boat rental lloret de mar,0,12,0%,23.42
alquiler veleros costa brava,0,12,0%,34.75
lloret de mar boot huren,0,12,0%,36.33
alquiler barcos platja d aro,0,12,0%,36.42
barco sin carnet,0,12,0%,61.08
car hire blanes,0,11,0%,1
fiesta blanes,0,11,0%,1.18
blanes feu d'artifice 2026,0,11,0%,4.36
costa brava rent,0,11,0%,8.45
boot huren malgrat de mar,0,11,0%,10.73
costa brava alquiler barco,0,11,0%,14.18
barca sin licencia,0,11,0%,45.64
alquiler barco sin titulacion,0,11,0%,48.18
fuegos artificiales blanes 2025,0,10,0%,7.3
alquiler barco sin licencia mataró,0,10,0%,14.3
jet ski blanes,0,10,0%,21.7
fiestas de blanes,0,10,0%,22.5
focs de blanes,0,10,0%,28.7
location bateau sans permis lloret de mar,0,10,0%,29.2
bootje huren lloret de mar,0,10,0%,34.1
alquilar velero costa brava,0,10,0%,37
alquiler embarcacion sin titulacion,0,10,0%,38.4
alquiler barco sin licencia barcelona,0,10,0%,43.4
lloret de mar boat rental,0,10,0%,54.3
alquiler barcos catalunya,0,10,0%,54.4
fuegos blanes 2026,0,9,0%,4.11
feux d'artifice blanes 2026 dates,0,9,0%,10.78
fiestas blanes 2025,0,9,0%,22.11
boot huren lloret,0,9,0%,26.11
barca costa brava,0,9,0%,29.11
alquiler barco sin titulo,0,9,0%,31.33
alquiler de barcas,0,9,0%,79.67
barcos licencia cala d'or,0,9,0%,90.89
barcosinlicencia,0,8,0%,7.38
rentboat,0,8,0%,11.38
bootje huren blanes,0,8,0%,13.38
boat blanes,0,8,0%,15
easy boat costa brava,0,8,0%,25.88
alquiler embarcacion,0,8,0%,42.12
alquiler barco sin licencia empuriabrava,0,8,0%,48.75
alquiler de barcos baratos,0,8,0%,61
alquiler barco sitges sin licencia,0,8,0%,68.38
alquiler de barco sin patron,0,8,0%,68.38
focs de blanes 2026,0,7,0%,1
rent a car blanes,0,7,0%,1
fuegos de blanes en barco,0,7,0%,2.43
fuegos de blanes 2026,0,7,0%,2.71
fiestas de blanes 2025,0,7,0%,11.29
boat costa brava,0,7,0%,14.57
alquiler moto acuatica blanes,0,7,0%,15.57
alquiler coche blanes,0,7,0%,16
alquiler barco costa brava con patrón,0,7,0%,19.86
rent boat blanes,0,7,0%,21.57
fuegos de blanes 2025,0,7,0%,23.71
embarcació sense carnet,0,7,0%,24.71
eric boats blanes,0,7,0%,28
fuegos blanes,0,7,0%,29
alquiler moto agua costa brava,0,7,0%,29.57
alquiler barcos maresme,0,7,0%,29.71
rent and boat,0,7,0%,31.71
focs blanes,0,7,0%,32.43
rent a boat lloret de mar,0,7,0%,48.86
alquiler barco sant feliu de guixols,0,7,0%,58
excursiones en barco costa brava,0,7,0%,58.86
boat rent,0,7,0%,64.86
paseo en barco costa brava,0,7,0%,65.71
alquiler motos de agua arenys de mar,0,7,0%,65.86
alquiler barco port de la selva,0,7,0%,70.71
lloguer veler costa brava,0,7,0%,71.14
blanes boat rental,0,6,0%,7
barco sin titulo costa brava,0,6,0%,9.83
fauna marina costa brava,0,6,0%,10.33
alquiler de barcos,0,6,0%,10.5
historia de blanes,0,6,0%,10.83
barco blanes,0,6,0%,29.67
boot huren platja d aro zonder vaarbewijs,0,6,0%,33.33
alquiler barco sin licencia palamos,0,6,0%,34.83
focs blanes 2025,0,6,0%,36.83
alquiler barco sin patrón,0,6,0%,46.83
rental boat,0,6,0%,48.5
jetski costa brava,0,6,0%,55.33
location hors-bord costa brava,0,6,0%,58.33
alquiler embarcaciones ebro,0,6,0%,60.83
alquiler de embarcación,0,6,0%,85
alquiler barcos cadaques,0,6,0%,92.83
fiestas blanes,0,5,0%,1
blanes,0,5,0%,1.4
feu d'artifice blanes 2026,0,5,0%,10.4
alquiler de barcos en la costa brava,0,5,0%,14.6
trimarchi 57s,0,5,0%,16.4
rentaboat,0,5,0%,18.8
yachtcharter blanes,0,5,0%,19
moto de agua costa brava,0,5,0%,25
location blanes espagne,0,5,0%,29.2
paseo en barco lloret de mar,0,5,0%,44.4
alquiler barco,0,5,0%,47
barco tossa de mar,0,5,0%,51.4
bootje huren costa brava,0,5,0%,51.8
alquiler barco cataluña,0,5,0%,56.6
yacht charter costa brava,0,5,0%,64.8
rent boats costa brava estartit,0,5,0%,77.2
alquiler barcos begur,0,5,0%,79.4
alquiler barco l escala,0,5,0%,83.6
alquiler de veleros sin patrón,0,5,0%,86.2
alquilar barco sin patron,0,5,0%,87.2
"""and it was beautiful"" ""ivan bravo""",0,4,0%,2
feux d'artifice blanes 2026,0,4,0%,8.25
alquilar barco sin licencia,0,4,0%,10.75
philip lee johnson tossa de mar,0,4,0%,10.75
feu d'artifice blanes 2025,0,4,0%,11
focs artificials blanes 2025,0,4,0%,11
boat rent costa brava,0,4,0%,17.5
auto huren blanes,0,4,0%,18.5
catamaran blanes,0,4,0%,23
rent boat without license barcelona,0,4,0%,36.25
eric boats,0,4,0%,41.5
festa major blanes 2025,0,4,0%,49.5
calabrava,0,4,0%,55.5
boat rental costa del sol,0,4,0%,56.25
feria blanes 2025,0,4,0%,59.75
alquiler barcos con licencia,0,4,0%,69.5
embarcaciones sin motor,0,4,0%,76.75
alquiler de embarcaciones de recreo,0,4,0%,87.75
alquiler de velero sin patrón en barcelona,0,4,0%,91.75
alquiler barco begur,0,4,0%,94
lloret del mar,0,3,0%,1.67
feu d'artifice roses espagne 2026,0,3,0%,2
fiesta en blanes,0,3,0%,3
charter blanes,0,3,0%,4
feux d artifice blanes 2026 dates,0,3,0%,4.33
costa rent lloret,0,3,0%,6
feux d'artifice depuis le bateau dans la baie de roses,0,3,0%,8.33
vuurwerk blanes 2025,0,3,0%,9
alquiler de barcos blanes,0,3,0%,9.67
mirimare sunrise 7,0,3,0%,10
motos de agua tossa de mar,0,3,0%,11.33
llogar barca costa brava,0,3,0%,16.67
bootsverleih,0,3,0%,19.33
alquilar un barco en la costa brava,0,3,0%,21.33
vuurwerk blanes,0,3,0%,28.33
pesca en costa brava,0,3,0%,33.33
bluesail costa brava,0,3,0%,36.33
boottocht santa susanna,0,3,0%,36.33
alquiler barco mataro,0,3,0%,42.33
alquiler barco barcelona sin licencia,0,3,0%,44.67
location bateau lloret del mar,0,3,0%,45
blanes puerto,0,3,0%,46.67
alquiler barco sin licencia estartit,0,3,0%,50
rent costa brava,0,3,0%,55.33
pacific craft 625,0,3,0%,55.67
alquiler de barcos sin titulacion,0,3,0%,58.67
boat charter costa brava,0,3,0%,59
jet ski malgrat de mar,0,3,0%,60
paseo barco costa brava,0,3,0%,66.67
seguridad en el mar,0,3,0%,69.33
alquilar barco sin licencia sitges,0,3,0%,99
abogados costa brava,0,3,0%,136.33
barco sin licencia,0,2,0%,1
costa brava,0,2,0%,1
feux d'artifice roses espagne 2025,0,2,0%,1
lloret de mar,0,2,0%,1
feu artifice espagne,0,2,0%,1.5
carnaval blanes,0,2,0%,2
feu d'artifice espagne,0,2,0%,2
feu d'artifice palamós 2025,0,2,0%,2
alquilar un barco,0,2,0%,4.5
mingolla brava 19,0,2,0%,6
costa brava rental,0,2,0%,8.5
costa rent lloret de mar,0,2,0%,9
boot mieten in der nähe,0,2,0%,10
alquilerbarcacostabrava,0,2,0%,12
lloret boat rental,0,2,0%,12
excursion bateau blanes,0,2,0%,13
blanes boat trip,0,2,0%,13.5
alquiler barco palamos,0,2,0%,15.5
bateau lloret de mar,0,2,0%,17.5
boot huren tossa de mar,0,2,0%,20
vissen costa brava,0,2,0%,20.5
barcos tossa de mar,0,2,0%,21
rent boats,0,2,0%,21
alquilar barco palamos,0,2,0%,22
mar boat,0,2,0%,22.5
alquiler barco particular barcelona,0,2,0%,25
barco rental,0,2,0%,25
rent of boats,0,2,0%,25
kermis blanes 2025,0,2,0%,26.5
alquiler coche tordera,0,2,0%,30
alquiler barcos sin licencia barcelona,0,2,0%,31
location bateau tossa de mar,0,2,0%,32
barco sin licencia begur,0,2,0%,34
precio amarre blanes,0,2,0%,37
alquiler barco por horas,0,2,0%,40.5
blog costa brava,0,2,0%,42
barco sin carnet estartit,0,2,0%,47.5
moto agua costa brava,0,2,0%,48
barco sin licencia estartit,0,2,0%,48.5
barcos sin licencia barcelona,0,2,0%,48.5
bootverhuur la barca,0,2,0%,48.5
alquiler barco sin patron,0,2,0%,49
blanes nautic,0,2,0%,49.5
feria de blanes 2025,0,2,0%,49.5
alquiler motos de agua calella,0,2,0%,51.5
barcelona boat rental without license,0,2,0%,52.5
embarcacion sin motor,0,2,0%,59
costa brava boat tour,0,2,0%,60
alquiler barco aiguablava,0,2,0%,63
excursion barco costa brava,0,2,0%,65
renting a boat,0,2,0%,67
embarcaciones astec,0,2,0%,68.5
barcos en alquiler,0,2,0%,77.5
location yacht costa brava,0,2,0%,77.5
rental boats,0,2,0%,77.5
la barche,0,2,0%,78
marina costa brava,0,2,0%,79
costa brava yacht charter,0,2,0%,82
alquilar moto de agua roses,0,2,0%,94.5
alquiler barco barcelona barato,0,2,0%,98.5
alquiler barcos particulares,0,1,0%,1
barcelona boot mieten ohne führerschein,0,1,0%,1
bateau costa brava,0,1,0%,1
blanes españa,0,1,0%,1
blanes fiestas,0,1,0%,1
boat tours & rentals,0,1,0%,1
calella de palafrugell,0,1,0%,1
castell de sant joan blanes,0,1,0%,1
feria blanes,0,1,0%,1
feu d'artifice ce soir autour de moi,0,1,0%,1
feu d'artifice espagnol,0,1,0%,1
feu d'artifice roses espagne 2025,0,1,0%,1
feux d'artifice espagne,0,1,0%,1
fiesta mayor blanes,0,1,0%,1
focs artificials blanes 2026,0,1,0%,1
girona spain,0,1,0%,1
google maps blanes,0,1,0%,1
macanet de la selva,0,1,0%,1
marimurtra botanical garden,0,1,0%,1
naquera,0,1,0%,1
tossa de mar boat rental,0,1,0%,1
коста брава,0,1,0%,1
blanes agenda,0,1,0%,2
blanes carnaval,0,1,0%,2
boat2rent,0,1,0%,2
carnaval 2026 espagne,0,1,0%,2
carnaval costa brava,0,1,0%,2
carnaval costa brava 2026,0,1,0%,2
carnaval de blanes,0,1,0%,2
carnaval en blanes,0,1,0%,2
carnaval palamos 2026,0,1,0%,2
costa brava fete,0,1,0%,2
fuegos blanes 2024,0,1,0%,2
fête foraine roses espagne 2025,0,1,0%,2
jour de marché à lescala espagne,0,1,0%,2
marché nocturne blanes,0,1,0%,2
precio,0,1,0%,2
que faire à tossa de mar le soir,0,1,0%,2
rotonda de los fuegos blanes,0,1,0%,2
visite lloret de mar,0,1,0%,2
barco rent,0,1,0%,3
be charter,0,1,0%,3
bingo de blanes,0,1,0%,3
carnaval lloret de mar 2026,0,1,0%,3
hausboot mieten,0,1,0%,3
rent aboat,0,1,0%,3
alquiler de barco con patron,0,1,0%,4
astec solar,0,1,0%,4
barco privado,0,1,0%,4
blanes fuegos artificiales,0,1,0%,4
boat trip costa brava,0,1,0%,4
cuando son los fuegos de blanes 2026,0,1,0%,4
escala espagne,0,1,0%,4
l'escala,0,1,0%,4
événements à venir à lescala,0,1,0%,4
blanes que ver,0,1,0%,5
brava 19,0,1,0%,5
evjf costa brava,0,1,0%,5
festivités empuriabrava 2025,0,1,0%,5
puerto de blanes,0,1,0%,5
¿dónde encontrar barcos de alquiler baratos?,0,1,0%,5
carnaval castello d empuries 2026,0,1,0%,6
agenda costa brava 2026,0,1,0%,8
boot met motor zonder vaarbewijs,0,1,0%,8
mirimare,0,1,0%,8
blanes espagne,0,1,0%,9
boottocht blanes,0,1,0%,9
boottocht pineda de mar,0,1,0%,9
fuegos artificiales blanes 2026,0,1,0%,9
boat 4 rent,0,1,0%,10
boot huren pineda de mar,0,1,0%,10
feux d artifice blanes 2026,0,1,0%,10
lloret rental boats,0,1,0%,10
puerto blanes,0,1,0%,10
alquiler barcos palamos,0,1,0%,11
best boat rental services for first-timers?,0,1,0%,11
marc marin webb,0,1,0%,11
alquiler barco para dormir,0,1,0%,12
alquiler de barco,0,1,0%,12
bateau sans permis,0,1,0%,12
distancia de tossa de mar a blanes,0,1,0%,12
charter near me,0,1,0%,13
costa brava blog,0,1,0%,13
yes please,0,1,0%,13
alquilar barco en palamos,0,1,0%,14
alquiler barco sin licencia cerca de mi,0,1,0%,14
boottocht malgrat de mar,0,1,0%,14
bootverhuur,0,1,0%,14
barco rent tossa de mar,0,1,0%,16
concurso fuegos artificiales blanes 2025,0,1,0%,16
limit boat rental,0,1,0%,16
trimarchi 57 s,0,1,0%,17
feux d'artifice espagne 2025,0,1,0%,18
jetski blanes,0,1,0%,18
nautica blanes,0,1,0%,18
trimarchi 57,0,1,0%,18
blanes barco,0,1,0%,22
rodman 750,0,1,0%,22
pesca en la costa brava,0,1,0%,23
astec 500,0,1,0%,25
boats to rent,0,1,0%,26
leuchtturm calella,0,1,0%,26
lloguer barca,0,1,0%,27
motos d'aigua costa brava,0,1,0%,28
nautica costa brava,0,1,0%,29
renta boat,0,1,0%,30
alquiler barco ebro,0,1,0%,31
blanes jet ski,0,1,0%,33
mar costa brava,0,1,0%,33
alquilar barco con licencia de navegacion,0,1,0%,35
alquiler barco en platja d aro,0,1,0%,35
alquiler de barcos sin patrón,0,1,0%,35
alquiler barco palamos sin licencia,0,1,0%,38
boot huren torrevieja zonder vaarbewijs,0,1,0%,39
boot huren spanje zonder vaarbewijs,0,1,0%,41
motos de agua lloret de mar,0,1,0%,41
bluesail costa brava sl,0,1,0%,42
location jet ski lloret de mar,0,1,0%,42
rodman 800 precio nuevo,0,1,0%,42
brava charter,0,1,0%,43
blue sail costa brava,0,1,0%,44
boat without licence,0,1,0%,44
moto de agua lloret de mar,0,1,0%,44
pictograma barco,0,1,0%,44
alquiler barco sin licencia begur,0,1,0%,45
barcos segunda mano costa brava,0,1,0%,48
boats rent,0,1,0%,48
alquiler barcos por horas,0,1,0%,49
embarcaciones sin titulo,0,1,0%,49
alquiler catamarán costa brava,0,1,0%,50
barco pictograma,0,1,0%,52
alquiler embarcaciones de recreo,0,1,0%,53
alquiler kayak blanes,0,1,0%,53
boating around,0,1,0%,59
jet ski tossa de mar,0,1,0%,59
alquiler barcos l'escala,0,1,0%,60
alquiler barco l'escala,0,1,0%,64
alquiler barcos,0,1,0%,68
snorkel costa brava,0,1,0%,68
alquiler de botes,0,1,0%,69
barco en alquiler,0,1,0%,69
boten zonder vaarbewijs,0,1,0%,69
rent a boat begur,0,1,0%,71
fuego de blanes,0,1,0%,73
alquilar barcos,0,1,0%,74
blanes rent a car,0,1,0%,74
alquileres en la costa brava,0,1,0%,75
lloguer barco illes medes,0,1,0%,76
boat party costa brava,0,1,0%,78
paseo en barco platja d'aro,0,1,0%,78
la nou blanes,0,1,0%,84
alquiler de barcos con titulin,0,1,0%,88
costa brava boats alquiler barco palamós,0,1,0%,88
alquiler barco cerdeña sin titulo,0,1,0%,90
alquiler de barcos a motor,0,1,0%,91
alquiler moto de agua roses,0,1,0%,92
alquiler motos de agua roses,0,1,0%,94
ofertas alquiler barcos,0,1,0%,94
barco sin patron,0,1,0%,95
snorkeling costa brava,0,1,0%,96
barco sin licencia marbella,0,1,0%,97
charter costa brava,0,1,0%,99
alquiler de barco en barcelona,0,1,0%,152