Páginas principales,Clics,Impresiones,CTR,Posición
https://www.costabravarentaboat.com/,130,12059,1.08%,18.55
https://www.costabravarentaboat.com/fr/fuegos-artificiales-blanes-2025,5,591,0.85%,6.44
https://www.costabravarentaboat.com/fuegos-artificiales-blanes-2025,3,776,0.39%,7.25
https://www.costabravarentaboat.com/es/rutas,3,61,4.92%,7.93
https://www.costabravarentaboat.com/barco-sin-licencia-blanes-astec-450,2,147,1.36%,10.73
https://www.costabravarentaboat.com/en/boats-without-license,2,78,2.56%,8.15
https://www.costabravarentaboat.com/es/alquiler-barcos-costa-brava,2,75,2.67%,29.88
https://www.costabravarentaboat.com/de/,2,32,6.25%,9.62
https://www.costabravarentaboat.com/es/blog/historia-maritima-blanes,2,30,6.67%,11.9
https://www.costabravarentaboat.com/ca/lloguer-vaixell-blanes,2,21,9.52%,17.33
https://www.costabravarentaboat.com/ca/lloguer-vaixell-tossa-de-mar,2,15,13.33%,11
https://www.costabravarentaboat.com/de/boot-mieten-pineda-de-mar,2,8,25%,6.75
https://www.costabravarentaboat.com/excursiones-privadas-con-patron-blanes,1,137,0.73%,25.99
https://www.costabravarentaboat.com/ca/fuegos-artificiales-blanes-2025,1,100,1%,18.78
https://www.costabravarentaboat.com/en/,1,99,1.01%,17.8
https://www.costabravarentaboat.com/it/pesca-barca-blanes,1,97,1.03%,7.31
https://www.costabravarentaboat.com/es/precios,1,97,1.03%,7.67
https://www.costabravarentaboat.com/fr/temoignages,1,38,2.63%,13.08
https://www.costabravarentaboat.com/ca/pesca-vaixell-blanes,1,36,2.78%,6.22
https://www.costabravarentaboat.com/extras,1,30,3.33%,10.7
https://www.costabravarentaboat.com/ca/lloguer-vaixell-lloret-de-mar,1,14,7.14%,14.36
https://www.costabravarentaboat.com/es/alquiler-barcos-pineda-de-mar,1,12,8.33%,12.58
https://www.costabravarentaboat.com/nl/bestemmingen,1,8,12.5%,9.62
https://www.costabravarentaboat.com/ca/copy-of-extras,1,6,16.67%,12.33
https://www.costabravarentaboat.com/nl/boot-met-vaarbewijs,1,3,33.33%,4.67
https://www.costabravarentaboat.com/ca/blog/alquiler-barco-sin-licencia-blanes-guia,1,1,100%,1
https://www.costabravarentaboat.com/motos-de-agua,0,364,0%,25.76
https://www.costabravarentaboat.com/barco-sin-licencia-blanes-astec-400,0,323,0%,9.02
https://www.costabravarentaboat.com/alquiler-con-licencia,0,211,0%,37.54
https://www.costabravarentaboat.com/en/fuegos-artificiales-blanes-2025,0,191,0%,11.87
https://www.costabravarentaboat.com/condiciones-generales-alquiler,0,180,0%,38.95
https://www.costabravarentaboat.com/barco-sin-licencia-blanes-remus-450,0,178,0%,32.06
https://www.costabravarentaboat.com/fr/,0,150,0%,17.48
https://www.costabravarentaboat.com/ca/excursiones-moto-agua,0,143,0%,71.69
https://www.costabravarentaboat.com/ca/blog/alquiler-barco-sin-licencia-guia,0,100,0%,62.56
https://www.costabravarentaboat.com/de/bewertungen,0,89,0%,6.25
https://www.costabravarentaboat.com/nl/boot-zonder-vaarbewijs,0,83,0%,15.9
https://www.costabravarentaboat.com/barco-sin-licencia-blanes-solar-450,0,80,0%,20.29
https://www.costabravarentaboat.com/nl/,0,71,0%,19.03
https://www.costabravarentaboat.com/barco-con-licencia-blanes-pacific-craft-625,0,66,0%,37.38
https://www.costabravarentaboat.com/es/alquiler-barcos-blanes,0,57,0%,13.14
https://www.costabravarentaboat.com/fr/barco-sin-licencia-blanes-solar-450,0,51,0%,29.92
https://www.costabravarentaboat.com/en/boats-with-license,0,48,0%,64.85
https://www.costabravarentaboat.com/en/prices,0,41,0%,32.95
https://www.costabravarentaboat.com/de/boot-mieten-costa-brava,0,38,0%,4.13
https://www.costabravarentaboat.com/en/barco-sin-licencia-blanes-solar-450,0,37,0%,6.57
https://www.costabravarentaboat.com/es/alquiler-barcos-tossa-de-mar,0,37,0%,12.51
https://www.costabravarentaboat.com/fr/tarifs,0,37,0%,24.76
https://www.costabravarentaboat.com/preguntas-frequentes,0,35,0%,8.97
https://www.costabravarentaboat.com/de/boot-mieten-lloret-de-mar,0,34,0%,6.53
https://www.costabravarentaboat.com/barco-con-licencia-blanes-trimarchi-57-s,0,33,0%,16.76
https://www.costabravarentaboat.com/fr/excursion-barco-privado,0,33,0%,57.15
https://www.costabravarentaboat.com/barco/astec-400,0,32,0%,12.03
https://www.costabravarentaboat.com/ca/lloguer-vaixell-costa-brava,0,32,0%,37.75
https://www.costabravarentaboat.com/de/boote-ohne-fuehrerschein,0,27,0%,5.33
https://www.costabravarentaboat.com/nl/boot-huren-tossa-de-mar,0,27,0%,13.41
https://www.costabravarentaboat.com/ca/motos-de-agua,0,26,0%,34.73
https://www.costabravarentaboat.com/copy-of-extras,0,26,0%,44.27
https://www.costabravarentaboat.com/nl/prijzen,0,25,0%,33.44
https://www.costabravarentaboat.com/ca/vaixell-sense-llicencia,0,24,0%,44.42
https://www.costabravarentaboat.com/ca/lloguer-vaixell-santa-susanna,0,23,0%,7.43
https://www.costabravarentaboat.com/es/barcos-sin-licencia,0,23,0%,11.3
https://www.costabravarentaboat.com/en/condiciones-de-reserva,0,22,0%,4.5
https://www.costabravarentaboat.com/de/routen,0,21,0%,7.24
https://www.costabravarentaboat.com/fr/location-bateau-calella,0,21,0%,24.9
https://www.costabravarentaboat.com/fr/copy-of-bares-y-restaurantes,0,21,0%,80.76
https://www.costabravarentaboat.com/es/alquiler-barcos-calella,0,19,0%,14.21
https://www.costabravarentaboat.com/en/blog/boat-rental-costa-brava-english-guide,0,19,0%,51
https://www.costabravarentaboat.com/de/boot-mieten-malgrat-de-mar,0,18,0%,8.33
https://www.costabravarentaboat.com/es/alquiler-barcos-tordera,0,18,0%,9.28
https://www.costabravarentaboat.com/condiciones-de-reserva,0,17,0%,6.65
https://www.costabravarentaboat.com/barco-rodman-todo-incluido-blanes,0,17,0%,11.76
https://www.costabravarentaboat.com/nl/boot-huren-lloret-de-mar,0,17,0%,21
https://www.costabravarentaboat.com/es/barco-familias-costa-brava,0,16,0%,69.69
https://www.costabravarentaboat.com/ru/lodka-bez-litsenzii,0,15,0%,6.33
https://www.costabravarentaboat.com/excursiones-moto-agua,0,15,0%,9.53
https://www.costabravarentaboat.com/ca/lloguer-vaixell-malgrat-de-mar,0,14,0%,9.36
https://www.costabravarentaboat.com/en/routes,0,14,0%,29.07
https://www.costabravarentaboat.com/ru/arenda-lodki-costa-brava,0,13,0%,4.54
https://www.costabravarentaboat.com/ru/,0,13,0%,5
https://www.costabravarentaboat.com/es/blog,0,13,0%,10.23
https://www.costabravarentaboat.com/nl/boot-huren-palafolls,0,13,0%,69.08
https://www.costabravarentaboat.com/copia-de-embarcaciones,0,12,0%,3.58
https://www.costabravarentaboat.com/barco/astec-480,0,12,0%,4.33
https://www.costabravarentaboat.com/ca/passeig-posta-sol-vaixell-blanes,0,12,0%,6.08
https://www.costabravarentaboat.com/ca/rutes,0,11,0%,7.82
https://www.costabravarentaboat.com/barco-mirimare-sunrise-7,0,11,0%,7.91
https://www.costabravarentaboat.com/it/,0,11,0%,8.82
https://www.costabravarentaboat.com/ca/barco-sin-licencia-blanes-astec-400,0,11,0%,9.18
https://www.costabravarentaboat.com/barco-con-licencia-blanes-mingolla-brava-19,0,11,0%,10.27
https://www.costabravarentaboat.com/nl/boot-huren-bij-barcelona,0,11,0%,48.73
https://www.costabravarentaboat.com/ca/lloguer-vaixell-calella,0,10,0%,6.2
https://www.costabravarentaboat.com/nl/boot-huren-costa-brava,0,10,0%,31.3
https://www.costabravarentaboat.com/en/barco-con-licencia-blanes-pacific-craft-625,0,9,0%,5.33
https://www.costabravarentaboat.com/es/blog/fauna-marina-costa-brava-barco,0,9,0%,16.33
https://www.costabravarentaboat.com/en/nota-legal,0,8,0%,5.25
https://www.costabravarentaboat.com/ca/condiciones-generales-alquiler,0,8,0%,6
https://www.costabravarentaboat.com/ru/arenda-lodki-santa-susanna,0,8,0%,17.12
https://www.costabravarentaboat.com/es/barcos-con-licencia,0,8,0%,34.5
https://www.costabravarentaboat.com/en/blog/alquiler-barco-costa-brava-guia-completa,0,8,0%,64
https://www.costabravarentaboat.com/fr/location-bateau-santa-susanna,0,7,0%,4.86
https://www.costabravarentaboat.com/fr/location-bateau-malgrat-de-mar,0,7,0%,5
https://www.costabravarentaboat.com/en/boat-rental-near-barcelona,0,7,0%,7.71
https://www.costabravarentaboat.com/de/boot-mieten-nahe-barcelona,0,7,0%,10
https://www.costabravarentaboat.com/ru/arenda-lodki-tossa-de-mar,0,7,0%,10
https://www.costabravarentaboat.com/nl/boot-huren-santa-susanna,0,7,0%,15
https://www.costabravarentaboat.com/es/blog/snorkel-buceo-costa-brava-barco,0,7,0%,31.86
https://www.costabravarentaboat.com/nota-legal,0,7,0%,61.43
https://www.costabravarentaboat.com/ca/preus,0,6,0%,5.17
https://www.costabravarentaboat.com/en/destinations,0,6,0%,5.5
https://www.costabravarentaboat.com/it/noleggio-barca-blanes,0,6,0%,5.5
https://www.costabravarentaboat.com/en/motos-de-agua,0,6,0%,5.83
https://www.costabravarentaboat.com/ca/,0,6,0%,7.5
https://www.costabravarentaboat.com/de/blog/historia-maritima-blanes,0,6,0%,8.5
https://www.costabravarentaboat.com/es/blog/excursiones-barco-grupos-eventos-blanes,0,6,0%,9.83
https://www.costabravarentaboat.com/en/blog/que-ver-en-blanes-planes-imprescindibles,0,6,0%,10.67
https://www.costabravarentaboat.com/de/boot-mieten-calella,0,6,0%,13.83
https://www.costabravarentaboat.com/nl/blog/que-hacer-en-blanes-verano,0,6,0%,45.5
https://www.costabravarentaboat.com/de/blog,0,5,0%,7.2
https://www.costabravarentaboat.com/politica-de-privacidad,0,5,0%,7.8
https://www.costabravarentaboat.com/es/alquiler-barcos-santa-susanna,0,5,0%,8
https://www.costabravarentaboat.com/fr/excursion-snorkel-bateau-blanes,0,5,0%,8.2
https://www.costabravarentaboat.com/ca/barco-sin-licencia-blanes-astec-450,0,5,0%,12
https://www.costabravarentaboat.com/nl/blog,0,5,0%,16.8
https://www.costabravarentaboat.com/ca/blog/rutas-barco-desde-blanes,0,5,0%,24.4
https://www.costabravarentaboat.com/ca/barco-con-licencia-blanes-pacific-craft-625,0,5,0%,31.4
https://www.costabravarentaboat.com/ca/blog/fauna-marina-costa-brava-barco,0,4,0%,8.75
https://www.costabravarentaboat.com/beneteau-flyer-5-5,0,4,0%,9
https://www.costabravarentaboat.com/de/blog/paddle-surf-actividades-acuaticas-barco,0,4,0%,9.25
https://www.costabravarentaboat.com/ca/vaixell-amb-llicencia,0,4,0%,10.75
https://www.costabravarentaboat.com/es/blog/alquiler-barcos-con-licencia-blanes,0,4,0%,16
https://www.costabravarentaboat.com/fr/location-bateau-tossa-de-mar,0,4,0%,20
https://www.costabravarentaboat.com/fr/location-bateau-blanes,0,4,0%,24.75
https://www.costabravarentaboat.com/es/alquiler-barcos-cerca-barcelona,0,4,0%,25.5
https://www.costabravarentaboat.com/de/barrierefreiheit,0,3,0%,4.67
https://www.costabravarentaboat.com/it/barca-famiglie-costa-brava,0,3,0%,5
https://www.costabravarentaboat.com/en/boat-rental-costa-brava,0,3,0%,5.67
https://www.costabravarentaboat.com/en/blog/consejos-primera-vez-alquilar-barco,0,3,0%,7
https://www.costabravarentaboat.com/ca/excursion-barco-privado,0,3,0%,8.67
https://www.costabravarentaboat.com/it/itinerari,0,3,0%,9.67
https://www.costabravarentaboat.com/ru/arenda-lodki-lloret-de-mar,0,3,0%,10.33
https://www.costabravarentaboat.com/ca/barco-sin-licencia-blanes-remus-450,0,3,0%,15
https://www.costabravarentaboat.com/ca/barco-rodman-todo-incluido-blanes,0,3,0%,23
https://www.costabravarentaboat.com/es/testimonios,0,3,0%,28
https://www.costabravarentaboat.com/ca/blog/boat-rental-costa-brava-english-guide,0,3,0%,34
https://www.costabravarentaboat.com/it/prezzi,0,3,0%,53.67
https://www.costabravarentaboat.com/ca/blog/seguridad-navegacion-mar-guia,0,3,0%,69.33
https://www.costabravarentaboat.com/fr/bateau-familles-costa-brava,0,3,0%,71.33
https://www.costabravarentaboat.com/de/ueber-uns,0,2,0%,2
https://www.costabravarentaboat.com/ca/barco-sin-licencia-blanes-solar-450,0,2,0%,4
https://www.costabravarentaboat.com/es/tarjetas-regalo,0,2,0%,4
https://www.costabravarentaboat.com/en/blog/seguridad-navegacion-mar-guia,0,2,0%,4.5
https://www.costabravarentaboat.com/ca/condiciones-de-reserva,0,2,0%,5
https://www.costabravarentaboat.com/ru/usloviya-ispolzovaniya,0,2,0%,5.5
https://www.costabravarentaboat.com/ca/politica-de-privacidad,0,2,0%,8
https://www.costabravarentaboat.com/ru/tseny,0,2,0%,9
https://www.costabravarentaboat.com/de/blog/fauna-marina-costa-brava-barco,0,2,0%,11
https://www.costabravarentaboat.com/copy-of-hoteles-y-alojamientos,0,2,0%,16
https://www.costabravarentaboat.com/nl/visboot-blanes,0,2,0%,20.5
https://www.costabravarentaboat.com/ca/blog,0,2,0%,39.5
https://www.costabravarentaboat.com/de/blog/excursiones-barco-grupos-eventos-blanes,0,2,0%,40
https://www.costabravarentaboat.com/it/accessibilita,0,2,0%,74
https://www.costabravarentaboat.com/de/blog/que-llevar-dia-barco-checklist,0,1,0%,1
https://www.costabravarentaboat.com/es/blog/tarjetas-regalo-experiencias-nauticas-costa-brava,0,1,0%,1
https://www.costabravarentaboat.com/it/noleggio-barca-tossa-de-mar,0,1,0%,1
https://www.costabravarentaboat.com/ru/blog/meteorologia-navegacion-costa-brava,0,1,0%,1
https://www.costabravarentaboat.com/ca/destinacions,0,1,0%,2
https://www.costabravarentaboat.com/de/reiseziele,0,1,0%,2
https://www.costabravarentaboat.com/en/blog/alquiler-barco-sin-licencia-guia,0,1,0%,4
https://www.costabravarentaboat.com/en/blog/tarjetas-regalo-experiencias-nauticas-costa-brava,0,1,0%,4
https://www.costabravarentaboat.com/de/blog/snorkel-buceo-costa-brava-barco,0,1,0%,6
https://www.costabravarentaboat.com/en/blog/historia-maritima-blanes,0,1,0%,7
https://www.costabravarentaboat.com/en/boat-rental-blanes,0,1,0%,7
https://www.costabravarentaboat.com/es/galeria,0,1,0%,7
https://www.costabravarentaboat.com/de/blog/meteorologia-navegacion-costa-brava,0,1,0%,8
https://www.costabravarentaboat.com/nl/blog/excursiones-barco-grupos-eventos-blanes,0,1,0%,8
https://www.costabravarentaboat.com/de/blog/seguridad-navegacion-mar-guia,0,1,0%,9
https://www.costabravarentaboat.com/de/blog/tarjetas-regalo-experiencias-nauticas-costa-brava,0,1,0%,9
https://www.costabravarentaboat.com/en/blog/excursiones-barco-grupos-eventos-blanes,0,1,0%,10
https://www.costabravarentaboat.com/it/blog/seguridad-navegacion-mar-guia,0,1,0%,10
https://www.costabravarentaboat.com/ru/blog/gastronomia-marinera-blanes,0,1,0%,11
https://www.costabravarentaboat.com/ru/blog/consejos-primera-vez-alquilar-barco,0,1,0%,13
https://www.costabravarentaboat.com/ru/snorkel-progulka-na-lodke-blanes,0,1,0%,18
https://www.costabravarentaboat.com/en/blog,0,1,0%,59
https://www.costabravarentaboat.com/fr/blog/excursiones-barco-grupos-eventos-blanes,0,1,0%,78
https://www.costabravarentaboat.com/ca/barco-mirimare-sunrise-7,0,1,0%,84